<?xml version="1.0" encoding="UTF-8"?>
  <!DOCTYPE hibernate-configuration PUBLIC
    "-//Hibernate/Hibernate Configuration DTD 3.0//EN"
    "http://www.hibernate.org/dtd/hibernate-configuration-3.0.dtd">
<hibernate-configuration>

	<session-factory>

		<!-- Database connection settings -->
		<property name="connection.driver_class">com.mysql.jdbc.Driver</property>
		<property name="connection.url">jdbc:mysql://localhost:3306/catalog</property>
		<property name="connection.username">root</property>
		<property name="connection.password">root</property>
		<property name="dialect">org.hibernate.dialect.MySQLDialect</property>
		<property name="show_sql">true</property>
		<property name="hibernate.current_session_context_class">thread</property>
		
		<mapping class="com.jaxrs.example.model.Card"></mapping>
	</session-factory>

</hibernate-configuration>